id,type,category_sel,agreement,mail,name,genre_sel,group_sel,description,addr_sel,addr,area_sel,takeaway_sel,takeaway_menu,takeaway_note,delivery_demaekan,delivery_ubereats,delivery_own,delivery_other,delivery_note,phone,open_day,payment_cash,payment_card,payment_qr,payment_emoney,payment_note,website,twitter,facebook,instagram,line,sns_other,transportation,diet_note,allergy_note,latitude,longitude,covid19_note,note,expired_shop_date,closes_shop_date,soldout_takeaway_date,soldout_delivery_date,created_date,update_date
76,1,1,1,,casual dining bar SHELTER,6,-1,2020年2月/27日にオープン。店名のSHELTER＝避難所は、日常から避難しに来てもらいたいとの想いから,神奈川県川崎市幸区,鹿島田1-9-4,8,1,"おうちごはん
例）肉じゃが＆玉子焼き
ガパオライス",,0,0,0,0,,044-201-9475,"OPEN:17:00
DRINK L.O 18:40
FOOD L.O 19:30
CLOSE 20:00 日曜日、月曜日はランチのみ！",1,0,0,0,,,,,https://www.instagram.com/shelter_2020,,,"JR南武線「鹿島田駅」から徒歩2分
JR横須賀線・湘南新宿ライン「新川崎駅」から徒歩4分
川崎鶴見臨港バス「鹿島田駅前」バス停から徒歩3分
鹿島田駅から85m",,,35.551075,139.674325,新型コロナウイルスの影響で営業時間短縮中！,,,,,,2020-05-19 11:46:54,2020-05-19 11:53:17
75,1,1,1,,地鶏焼き鳥　おらんだや　新川崎店 ,6,-1,,神奈川県川崎市幸区,鹿島田1-5-21,8,1,"チキンカツ弁当　750円、とり天丼850円、オムライス780円、キムチチャーハン680円など、
ほぼ全メニューテイクアウト可能",,0,0,0,0,,044-555-3100,"平日、土曜日　11：30〜13:30、17:00〜20:00  
日曜日　　　　定休日",1,0,0,0,,,,,,,,,,,35.551739,139.672302,,,,,,,2020-05-19 09:46:23,2020-05-19 09:46:23
74,1,1,1,,クッチーナ・イル・テット,4,-1,地元で愛され続けるイタリアンの名店です。,神奈川県川崎市幸区,鹿島田1-9-1,8,1,Pizza1100円〜（マルゲリータ、ロマーナ、トンノ、マチュライオ、メーレ、クワトロフォルマッジ)　Pasta各950円（ショートパスタのみ:ボロネーゼ、タラコクリーム、桜えび、しめじ、水菜のペペロンチーノ等)　サラダ（グリーンサラダ、前菜3種盛り),本格派イタリアンがご家庭で楽しめます。お電話でご予約すると、待ち時間無く受け取れます。,0,0,0,0,,044-511-8686,11:30〜13:20‬、‪17:30〜19:20‬ 水曜日定休日,1,1,0,0,,,,,,,,,,,35.55095,139.674545,,,,,,,2020-05-18 19:29:27,2020-05-18 19:29:52
73,1,1,1,,まぐろ料理まんや,6,-1,三崎港直送のまぐろが名物のアットホームなお店です。,神奈川県川崎市幸区,鹿島田1-8-44,8,1,おすすめ　海鮮丼1000円、マグロビビンバ丼980円、山かけ丼890円、中トロ鉄火丼1180円など,,0,0,0,0,,044-556-1119,11:00～13:30、17:00～21:00　日曜日定休日,1,1,0,0,,,,,,,,鹿島田駅西口より徒歩2分です。,,,35.551428,139.673589,,,,,,,2020-05-18 19:03:35,2020-05-18 19:05:39
72,1,3,1,,Theやきとり　喜作,6,-1,素材が持つ旨みを活かしたメニューで定評があります。テイクアウトは、焼き物、揚げ物、サラダ、お弁当ございます。,神奈川県川崎市幸区,鹿島田1−7−22,8,1,"焼き物、揚げ物、サラダ、お弁当も承っております。
専門店の味を、お家でご堪能ください。
電話注文可、店先に注文メニューあります。

おすすめ：やきとり、蒸し鶏、ローストビーフ、チキン南蛮、軟骨唐揚げ
お弁当：とり唐ポン酢、チキン南蛮、チキンカツ、親子丼等","全てご注文頂いてからお作りしますので、お電話にて事前にご予約いただくとスムーズです。
焼き鳥メニューで1種類5本以上のご注文は、前もってご予約くださいませ。
UberEatsでもお取り扱いございます（メニューはお問合せお願いします）。",0,1,0,0,お電話にて事前にご予約いただくとスムーズです。,044−555−5823,"火〜金、祝前日：11:30-14:00, 18:00-0:00
土、日、祝日：17:00−0:00
定休日：月曜日",1,1,0,1,,https://kisaku-kashimada.owst.jp/,,Theやきとり喜作,,,https://kashimadashotenkai.com/?cat=106&paged=2,"南武線鹿島田駅より徒歩4分
横須賀線新川崎駅より徒歩5分",,,35.552357,139.673218,,,,,,,2020-05-18 12:39:34,2020-05-18 12:39:34
71,1,1,1,,五三　（広島風お好み焼き）,0,-1,ボリュームたっぷりの広島風お好み焼き、五三（ごじゅうさん）です。通も納得の味です。テイクアウトメニューもございますので、ぜひご利用ください。,神奈川県川崎市幸区,鹿島田1−7−20,8,1,"写真のメニューになります。
おすすめは、
スタンダード　1000円。
肉玉そば　850円。
マヨ明太チーズ　1100円（全て税別）。
です。どうぞご利用下さい。","テイクアウト時間
12:00−13:30
17:00−20:00
定休日：水曜日
お電話で注文承ります。",0,0,0,0,,044−589−4928,"11:30−14:30
17:00−23:00
テイクアウト時間
12:00−13:30
17:00−20:00
定休日：水曜日",0,0,0,0,,https://m.facebook.com/story.php?story_fbid=2591836651059890&id=1460352037541696,,鹿島田商店会,,,鹿島田商店会ホームページ　https://kashimadashotenkai.com/?cat=106,"南武線鹿島田駅より徒歩5分
横須賀線新川崎駅より徒歩4分",,,35.552508,139.673256,,,,,,,2020-05-17 10:54:36,2020-05-17 10:54:36
70,1,1,1,,唐揚げ弁当からっと,1,-1,,神奈川県川崎市幸区,鹿島田1-1-5　パークタワー新川崎２F,8,1,お弁当、唐揚げのみ両方テイクアウトできます。,,0,0,0,0,,044-201-7456,11:00〜14:30、16:00〜19：00 日曜日定休,0,0,0,0,,,,,,,,鹿島田駅近く,,,35.5504,139.6742,,,,,,,2020-05-16 05:56:20,2020-05-16 05:56:21
69,1,1,1,,お食事処のみ処ことぶき,6,-1,,神奈川県川崎市幸区,鹿島田1-7-20,8,1,"おすすめ
テイクアウトお弁当
ハンバーグ、豚の生姜焼き、チキンバジルソテー　焼き魚等",,0,0,0,0,,044-522-7818,"ランチ月〜金11:30〜13:30
夜 月〜土、祝　16:00〜20時 １９時ラストオーダー",0,0,0,0,,,,,,,,鹿島田駅、新川崎駅近く,,,35.552508,139.673256,,,,,,,2020-05-16 05:46:21,2020-05-16 05:46:21
68,1,1,1,,DB’s KITCHEN　鹿島田店,7,-1,本場インド、ネパールの味をお楽しみ頂けます！,神奈川県川崎市幸区,鹿島田1-8-39,8,1,バターチキン、マトンカレー、ほうれん草チキン、ミックス野菜カレー　ナンまたはライスが選べます！,,0,0,0,0,,044-555-5500,"[月～日] LUNCH：11:00～15:00(L.O.14:30)
　　　　DINNER：17:00～22:00(L.O.21:30)
日曜営業

定休日
　年末年始",0,0,0,0,,https://tabelog.com/kanagawa/A1405/A140503/14065252/,,,,,,,健康・美容メニューあり、ベジタリアンメニューあり,,35.551236,139.673887,,,,,,,2020-05-15 21:57:01,2020-05-15 22:10:23
67,1,-1,1,,和風ビアホール　居酒屋一力,6,-1,お帰りラクラク新川崎駅と鹿島田駅の丁度中間歩いて３分　川崎で唯一エクストラコールドが飲める店　和洋食からイタリアンまで豊富なメニュー　コース料理もあり　HPをご覧ください。,神奈川県川崎市幸区,鹿島田2-22-23 新川崎駅ビル1階,8,2,,,0,0,0,0,,０４４－５１１－４３５３,年中無休　１７：００～２４：００　(金曜日　～２６：００),0,0,0,0,,http://www.kashimada-italitei.com/index.html,,,,,,,,,35.55232249,139.6719038,,,,,,,2020-05-14 23:38:22,2020-05-14 23:38:22
66,1,1,1,,お好み焼き 輪 （Rin）,6,-1,,神奈川県川崎市川崎区,藤崎４丁目６−１８,7,1,"お好み焼き各種…780円〜
唐揚げ…680円
タコライス…680円
牛カルビ丼…680円
豚みそカルビ丼…680円
各種おつまみ…680円
他

営業時間は18:00〜20:00まで。",,0,0,0,0,,044-577-0652,,0,0,0,0,,,,,,,,,,,35.525257,139.719818,,,,,,,2020-05-10 11:20:49,2020-05-10 11:20:49
65,1,1,1,,lotus,12,-1,,神奈川県川崎市川崎区,中島２丁目１２−４,7,1,"テイクアウトのご予約は、当日お昼の注文は13:00まで、当日夜と翌日お昼の注文は17:00までだそうです。
日替わりメニューもあるそうなので、詳しくは下記までお問い合わせください。",,0,0,0,0,,080-3606-0547,,0,0,0,0,,,,,,,,,,,35.528599,139.716736,,,,,,,2020-05-10 11:15:41,2020-05-10 11:15:41
64,1,1,1,,韓国創作料理SESAME,0,-1,川崎1美味しいカルビクッパはいかがですか！？,神奈川県川崎市川崎区,小川町3-2 sesame内,7,1,カルビクッパ、カルビスープ、鳥クッパ、キムチ炒飯。,,0,0,0,0,,,"営業時間：11:30～13:30  （月～金）、17:00～20:00  （月～土）
定休日：日曜日、その他（祭日）",0,0,0,0,,,,,,,,,,,35.528313,139.698563,,,,,,,2020-05-07 22:27:37,2020-05-07 22:27:37
63,1,3,1,,がんこフードサービス株式会社,3,-1,いつもご来店有難うございます！ がんこ川崎店です！  このたび<<１コイン弁当(税込500円)>>始めました！  鳥から弁当・さば塩焼き弁当・すき焼き弁当・のり弁当 白身フライから揚げカレー などなどご用意しております！,神奈川県川崎市川崎区,砂子2-6-7,7,1,"◇５００円弁当
ご飯がすすむ鳥から弁当
どかっと半身さば塩焼き弁当
温泉玉子付きすき焼き弁当
さばと大根のうま煮弁当
美味しい黒酢の鳥から弁当
ミックスのり弁当
えびときすの天丼
とろ玉子かつ丼
白身フライとから揚げカレー","その他単品メニューもございます。
詳細はご連絡ください。",0,1,1,0,"◇お店から1km圏内　1,500円以上から承ります。
※上記目安としておりますが、ご要望に応じて対応させて頂きます。
お問い合わせください。

◇ご注文は前日16時まで",,"営業時間：11:00～15:00(L.O.14:30)、16:30～20:00(L.O.19:00)
※土日祝は通し営業です
定休日：なし",0,0,0,0,,https://www.gankofood.co.jp/shop/detail/wa-kawasaki,,https://www.facebook.com/Gankofoodtokyo/posts/,,,,,,,35.528725,139.700012,,,,,,,2020-05-07 22:23:50,2020-05-07 22:23:50
62,1,1,1,,Grill-Pan Zen (グリルパンゼン),8,-1,本格的な鉄板焼とフランス料理の融合した、川崎には無いお店を目指しています。鉄板が付いた個室もご用意しています。本格的な料理と優雅な時間をお過ごし下さい。 ランチは、リーズナブルにご用意しています。,神奈川県川崎市川崎区,砂子2-11-25 丸滝砂子ビル5階,7,1,"黒毛和牛ハンバーグ丼800円、牛はらみ丼800円、ステーキ丼3000円等
",ご予算に応じて対応させて頂きます。,0,0,0,0,,,"営業時間：11:30～14:00、17:30～23:00
定休日：なし",0,0,0,0,,https://restaurant.ikyu.com/110388/,,,,,,,,,35.530155,139.701508,,,,,,,2020-05-07 22:19:53,2020-05-07 22:19:53
61,1,1,1,,チャ～ボン多福楼 川崎本店,2,-1,麻婆豆腐、唐揚げ、餃子、牛バラ刀削麺が人気のお店。 一品料理～ラーメン、チャーハン、焼きそばを充実しています！！ 是非、多福楼の美味しい中華を貴方の食卓に！ 【中華が家族を熱くなる】,神奈川県川崎市川崎区,砂子2-7-9 宮ビル,7,1,"全メニューテイクアウト可。
オススメ！！
焼き餃子(生餃子も）5個390円
水餃子(生餃子も）5個390円
麻婆豆腐950円
五目チャーハン690円
詳しい情報は【食べログ】まで",,0,0,0,0,,,"営業時間：12:30～23:00
定休日：なし",0,0,0,0,,https://s.tabelog.com/kanagawa/A1405/A140501/14004879/,,https://www.facebook.com/tahukurou.kawasaki/,kawasaki.debisueru,,http://devisl.com,,,,35.528427,139.700653,,,,,,,2020-05-07 22:15:44,2020-05-07 22:15:44
60,1,3,1,,おつけもの慶  KEIDELI八〇八,1,-1,川崎名物「おつけもの慶 kei」がプロデシュースする食堂「KEIDELI八〇八」です。 「おいしく食べて笑顔になれる場所」「発酵こそ、美活腸活」をモットーに、ランチタイムに慶キムチ、塩糀に漬けた唐揚げ、サバ、鮭などの定食をご提供いたします。,神奈川県川崎市川崎区,渡田新町3-7-19,7,1,"・塩糀漬け　から揚げ弁当（白米／十穀米）
・塩糀漬け　豚ロース焼肉弁当（はくK枚／十穀米）
・塩糀漬け　サバ焼き弁当（白米／十穀米）
・塩糀漬け　焼き鮭弁当（白米／十穀米）
・「慶」の豚キムチ弁当
・「慶」キムチのカレー",,0,0,1,0,川崎市内全域,,"営業時間：平日 11:49～15:00／弁当注文受付10:00～15:00
定休日：水曜日、日曜日、その他（祝祭日）",0,0,0,0,,https://gf-a.jp/?page_id=46,,https://www.facebook.com/pg/keideli808/posts/,,,https://www.youtube.com/channel/UCpx1b4wDqdotyCWbAc2kfsg,,,,35.519939,139.69899,,,,,,,2020-05-07 22:12:45,2020-05-07 22:12:45
59,1,1,1,,北前鮮魚　宜候,3,-1,多くの魚が水揚げされて3～4日で悪くなって行きますが、宜候ブランドの魚は5日目から刺身でも美味しくなって行きます。魔法の熟成魚です。放血神経〆天然熟成魚を使用している、魚にこだわっている店です。長崎五島直送の宜候ブランドの魚をお試しくださいね。,神奈川県川崎市川崎区,東田町7-3 2F,7,1,幕の内弁当1080円、カツ丼810円、鉄火丼1080円、ちらし丼1300円、にぎり1620円、上鉄火丼1620円、天然熟成刺身盛り合せ2～3人前3240円、天然熟成クエ鍋切身セット1人前2160円(2人前より)。,,0,0,0,0,,,"営業時間：11:30～13:30、17:00～20:00
定休日：日曜日",0,0,0,0,,,,,,,,,,,35.529472,139.702881,,,,,,,2020-05-07 22:08:39,2020-05-07 22:08:39
58,1,1,1,,中華　　成喜,2,-1,,神奈川県川崎市川崎区,小川町2-11 成喜ビル,-1,1,"餃子、チャーハン、シューマイ、焼そば
鶏カシューナッツ炒め、
牛肉ピーマン細切り炒め
ラーメン、スープ類等",,0,0,0,0,,,"営業時間：11:30～20:00(L.O19:30)
※　土曜日、祝日は14:30～17:00まで休憩
定休日：日曜日",0,0,0,0,,http://www.naruki-kawasaki.com,,,,,,,,,35.528378,139.69873,,"お土産予約もしております、
ご利用お待ちしております。",,,,,2020-05-07 22:06:11,2020-05-07 22:06:11
57,1,1,1,,イタリア料理 モナリザン,5,-1,1964年創業　川崎で一番古いイタリア料理。創業当初からのナポリタンから本場仕込みの生パスタやワインの進む小皿料理やメインディッシュまで。炭火焼きのイチボは絶品です。,神奈川県川崎市川崎区,東田町4-10,7,1,"キャセロールスパゲッティ　
キャセロールスパゲティソース（冷凍）
マルゲリータ
ミックスピザ
牛ヒレ肉のガーリックバターソテー",,0,0,0,0,,,"営業時間：11:00～19:00
定休日なし",0,0,0,0,,http://www.monarizan.co.jp/,https://twitter.com/italiamonarizan,,https://www.instagram.com/monarizan.co.jp/,,,,,,35.529209,139.701859,,,,,,,2020-05-07 22:01:18,2020-05-07 22:01:19
56,1,1,1,,蕎麦膳はやま,3,-1,いつもありがとうございます。ご飯物、生そばを主にお持ち帰りいただけます。店内は空間に余裕をもってお食事いただけます。息抜きの散歩に川崎大師にお越しの際は、お気軽にお立ち寄りいただければ幸いです。,神奈川県川崎市川崎区,大師町5-4,7,1,天丼、かつ丼、親子丼、玉子丼、うな重、生そば（茹でてください）、あんみつ,,0,0,0,0,,,"営業時間：11:00～15:00
不定休",0,0,0,0,,https://www.navida.ne.jp/snavi/100902_1.html,,,,,https://tabelog.com/kanagawa/A1405/A140502/14005049/,,,,35.534275,139.73085,,,,,,,2020-05-07 21:58:24,2020-05-07 21:58:24
55,1,1,1,,炭火焼肉 大将軍,8,-1,崎駅から徒歩5分の立地で、60年続く老舗焼肉店「大将軍」です。 お肉は、A4～5ランクの極上和牛を使用しています。 高級備長炭で焼くため、外はカリッ、中はふっくらの炭火焼を味わえます。,神奈川県川崎市川崎区,小川町5-17 新井ビル１階,7,1,"和牛焼肉弁当　1,600円（税抜）
ビビンバ弁当　1,000円（税抜）
カルビスープ　900円（税抜）
自家製キムチ　600円（税抜）
単品お肉(カルビ･ハラミ･タン塩など)",各種お弁当に加え、60年間変わらぬ製法で愛され続ける「カルビスープ」などサイドメニューもテイクアウト可能ですので、是非ご利用くださいませ。,0,0,0,0,,,"営業時間：11:00～20:00
12/31、1/1は休み。",0,0,0,0,,http://www.daishogun.info/,,,,,,,,,35.52774,139.69722,,,,,,,2020-05-07 21:54:11,2020-05-07 21:54:11
54,1,3,1,,日乃屋カレー 川崎たちばな通り店,7,-1,神田カレーグランプリ第三回で優勝！ 第五回で史上初の殿堂入りカレーライスチェーン店！ 日乃屋カレーです！ 昭和の家庭のカレーライスを目指しております！,神奈川県川崎市川崎区,東田町5-1,7,1,名物カツカレー、メンチカツカレー、ササミチーズカツカレー、ほうれん草カレー、オクラカレー、チーズカレー、ハンバーグカレー、エビフライカレー、ウインナーカレー、チキンカレー、コカ・コーラorZERO 500ml pet、その他,,1,1,0,0,,,"営業時間：11:00～14:00、17:00～20:00
新型コロナ情勢により不定休、 予告無しで早く閉店する等ございます。",0,0,0,0,,https://g.page/hinoyakawasaki?gm,https://twitter.com/curry8888881,,,,http://hinoya.jp/shops/,"JR川崎駅東口＆京急川崎駅より徒歩約７分
たちばな通り商店街内
→川崎市役所第三庁舎の裏",,,35.529915,139.702347,,,,,,,2020-05-07 21:50:46,2020-05-07 21:50:46
53,1,3,1,,タイレストランコピーピー小杉店,7,-1,,神奈川県川崎市中原区,新丸子町915-2 サミットビル1F,1,1,,ディナータイムのテイクアウト　3品で500円引きです^ ^ LINEでのご注文がスムーズです。,0,1,0,0,,044ｰ722ｰ7009,"[平日] 11:30～14:00（L.O.13:45） 17:30～23:30（L.O.23:00） 
[土・日・祝] 12:00～23:30（L.O.23:00）",0,0,0,0,,www.facebook.com/kohphiphi.mk/,,,,,,武蔵小杉駅 徒歩4分,,,35.578157,139.660222,アルコール除菌・手洗い必須、席の間引き,,,,,,2020-05-05 11:20:53,2020-05-05 11:20:53
52,1,1,1,,中華食堂かどや,2,-1,1948年創業の『かどや』では、先代より続く名物トルコライスや定番の中華料理を各種取り揃えています。,神奈川県川崎市中原区,小杉町３丁目１５01番地セントレア武蔵小杉7-101,1,1,,,0,0,0,0,,044-722-2980,月～水、金、土、祝前日: 11:30～14:30 （料理L.O. 14:30 ドリンクL.O. 14:30） 18:00～21:00 （料理L.O. 21:00 ドリンクL.O. 21:00）,1,1,1,1,,,,,,,,東急・ＪＲ武蔵小杉駅南口３より徒歩約３分,,,35.574684,139.657257,,,,,,,2020-05-05 10:48:09,2020-05-05 10:48:10
51,1,3,1,,アジ庵美味１・２・３,7,-1,,神奈川県川崎市幸区,中幸町１丁目５２ メゾンテルヤ1F,8,1,あっさり鶏フォー、コク深い牛フォー、どちらもオススメです！,,0,0,1,0,,川崎市川崎区,,0,0,0,0,,,,,,,,,,,35.536251,139.692184,,,,,,,2020-04-30 13:20:52,2020-04-30 13:20:53
50,1,3,1,,大島飯店,2,-1,地元の方や近所で働く方に親しまれている昔ながらの大衆中華料理店です。こちらの名物は何と言っても餃子。ニンニクが効いた餡と、もっちり食感の皮が絶妙です。,神奈川県川崎市川崎区,大島５丁目６−１１,7,1,,,0,0,1,0,,044-233-7779,,0,0,0,0,,,,,,,,,,,35.523582,139.717377,,,,,,,2020-04-29 11:43:44,2020-04-29 11:43:44
49,1,1,1,,ファミリー炉端 うおせん,6,-1,旧中盛会通りに面する「ファミリー炉端うおせん」さんでも、15:00からテイクアウトメニューを始めたそうです。メニューはその日仕入れた食材から考えているので日によって違うとのこと。  ,神奈川県川崎市川崎区,中島２丁目７−８,7,1,,,0,0,0,0,,044-222-4051,,0,0,0,0,,,,,,,,,,,35.528561,139.716049,,,,,,,2020-04-29 11:34:35,2020-04-29 11:34:35
48,1,1,1,,なかやま,6,-1,居酒屋のなかやまさんが、本日よりお弁当のテイクアウトを始めたそうです。  メニューは日替わりと焼き魚から選べます。お値段は税込600円。  数量限定ですのでお早めに。電話での予約がスムーズです。,神奈川県川崎市川崎区,中島3-4,7,1,,,0,0,0,0,,044-244-9498,,0,0,0,0,,,,,,,,,,,35.527397,139.715973,,,,,,,2020-04-29 11:27:25,2020-04-29 11:27:25
47,1,1,1,,OysterBar MARIO Barba,12,-1,,神奈川県川崎市高津区,溝の口1-1-2,3,1,"ちょこっとおつまみ：350円
前菜盛り合わせ：800円
からあげ：300円/100g
森林鶏のレバーパテ：500円
ムール貝の白ワイン蒸し：750円
Barbaのシンプルなトマトソースパスタ：650円
自家製ソーセージとズッキーニの煮込みソース：650円
本日のドリア：650円～",,0,0,0,0,,044-829-1417,"月・水・木・金・土・日・祝日
17:00〜00:00",0,0,0,0,,http://mariobarba.favy.jp/,,,,,,溝の口徒歩2分,,,35.59836687,139.6123588,,,,,,,2020-04-29 09:33:14,2020-04-29 09:33:14
46,1,1,1,,麺屋こころ 溝の口店,10,-1,,神奈川県川崎市高津区,溝口1-1-2,3,1,"台湾まぜそば：850円
塩まぜそば：880円
カレー台湾まぜそば：880円
肉メンまぜそば：920円
肉入り台湾まぜそば：1,060円
ネギ増し台湾まぜそば：970円
全部のせ台湾まぜそば：1,250円",,0,0,0,0,,044-712-8339,"平日：昼11:30〜14:30／夜18:00〜22:30
土：昼11:30〜15:30／夜18:00〜21:30
日祝：昼11:30〜15:30／夜18:00〜20:30",0,0,0,0,,https://twitter.com/kokoronokuchi,kokoronokuchi,,,,,溝の口駅徒歩2分,,,35.59835378,139.6123642,,,,,,,2020-04-29 09:20:25,2020-04-29 09:20:25
45,1,1,1,,薪窯ピザ Pizzeria Loquace da MARIO,4,-1,黄色い壁と青いテントが目を引く薪窯ピッツェリア。「表面はカリッと中はしっとり」が特徴の本格的なナポリピッツァをお召しあがりいただけます！,神奈川県川崎市高津区,久本1-6-1持田ビル1F,3,1,,,0,0,0,0,,044-385-0341,"【月･水･金曜日】11:30-14:30（L.O.14:00）/ 17:00-23:00（L.O.22:00）
【土･日曜日･祝日】11:30-15:00（L.O.14:30）/ 17:00-23:00（L.O.22:00）",0,0,0,0,,https://www.loquace-da-mario.com/,,pizzamario,,,,溝の口駅徒歩3分,,,35.59745086,139.6130079,,,,,,,2020-04-28 17:31:35,2020-04-28 17:31:35
44,1,3,1,,新丸子カレー工房パルコ,7,1,,神奈川県川崎市中原区,新丸子町738 セントラル高田ビル 1F,1,1,タルタル南蛮カレー他全メニュー,,0,1,0,0,,0447220766,"[月～水、金] 11:00～15:00, 18:00～22:00
[土・日・祝] 11:00～21:00
木曜定休",0,0,0,1,,parcocurry.com,,,,,,"東急東横線新丸子西口より徒歩１分。
改札出て右手に進み、角にあるビルを周り込んだ先右側。
新丸子駅から39m",,,35.580891,139.661743,手洗い除菌を徹底しています。,,,,,,2020-04-28 14:32:57,2020-04-28 14:35:16
43,1,3,1,,ニューパンジャビバーベキュー,7,1,武蔵小杉の商店街を抜けた所にひっそりと佇むお店♪一歩足を踏み入れたくなる外観はゾウの置物が目印です。,神奈川県川崎市中原区,小杉町3-70-4,1,1,,対応時間は営業時間と同じです。,0,1,0,0,,044-455-7311,"11:00～14:30(L.O.)、18:00～24:00(L.O.)　
日曜営業",0,0,0,0,,https://punjabi-bbq.owst.jp/,,,,,,"武蔵小杉東横線から徒歩5分
武蔵小杉駅から416m",,,35.573044,139.656784,,,,,,,2020-04-28 14:25:33,2020-04-28 14:26:13
42,1,1,1,,日本酒バルsui,6,1,当店自慢の鳥取大山どり串焼き、本場本物静岡おでん、毎日市場より仕入れの各種魚料理を是非ご家庭でもご賞味下さいませ。,神奈川県川崎市中原区,新丸子東1-785 プロミネンス新丸子 1F,1,1,"焼き鳥、鳥唐揚げ、静岡おでん、鮮魚お造り盛り合わせ、魚フライ、焼き魚、魚天婦羅、自家製燻製盛り合わせ、珍味盛り合わせ、おばんざい盛り合わせ。
4月24日付けで期限付き酒類販売免許の許可がおりましたので、本日より日本酒もテイクアウト販売致します。180ccの瓶を仕入れましたので、そちらに入れてテイクアウト致します。瓶代は別途。テイクアウト限定㊙️サービスあります‼️是非この機会に当店の銘酒をご自宅でお楽しみ下さい。",事前のご予約も出来ます。当日でも可能。,0,0,0,0,,0444333503,"月曜日～土曜日、祝日：1730～2400(ラストオーダー2300フード、2330ドリンク)
定休日：日曜日＋不定休",1,0,1,0,,,suinihonshu,上村盛吾,sui.nihonshu,,,"東急東横線、東急目黒線　新丸子駅　東口から徒歩1分
ＪＲ武蔵小杉駅　北口から徒歩8分
ＪＲ武蔵小杉駅　横須賀線 新南口から徒歩１0分
新丸子駅から129m",,,35.580559,139.663651,アルコール除菌、席の間引き、店内換気,,,,,,2020-04-28 14:11:42,2020-04-28 14:11:42
41,1,3,1,,太陽のトマト麺元住吉支店,10,1,【健康的なラーメン！】テレビ出演もした、激辛トマトラーメンが食べられる人気店,神奈川県川崎市中原区,木月３-１７-１６,1,1,"太陽のチーズラーメン 950円（税込）太陽のラーメン 840円（税込）太陽のナスラーメン 920円（税込）
太陽のボンゴレ麺 950円（税込）太陽のハバネロラーメン 950円（税込）太陽のハバネロチーズラーメン 1050円（税込）",受付時間11:00～22:00,1,1,0,0,,0444313134,11:00〜24:00 LO23:30,0,0,0,0,,http://taiyo-tomato.com/,,,,,,"■駅からのアクセス
東急東横線 ／ 元住吉駅 徒歩6分（440m）
東急東横線 ／ 日吉駅 徒歩17分（1.3km）
東急東横線 ／ 武蔵小杉駅 徒歩20分（1.5km）

■バス停からのアクセス
川崎鶴見臨港バス 原62 木月三 徒歩2分（120m）
川崎鶴見臨港バス 原62 木月一 徒歩2分（140m）
川崎鶴見臨港バス 原62 中ノ町住宅前 徒歩5分（330m）",,,35.565208,139.650711,バリアス１を使用してのテーブル拭き上げ、3時間毎の店内、外ドアノブ、取っ手の拭き取り消毒、HACCPに基づいた従業員の体調管理,,,,,,2020-04-27 18:09:35,2020-04-27 18:09:35
40,1,3,1,,ホテル精養軒,0,1,ゆっくりとお食事やカフェタイムを過ごせる幸せな居場所、 「ホテル精養軒レストランラウンジ」と、 心躍る鮮やかなパーティ会場「宴会場」。 共に過ごす温かな時間を彩ります。,神奈川県川崎市中原区,小杉町3-10,1,1,"■精養軒ビーフカレー　　　　　　800円(ライス付　900円)
■海老たっぷりシュリンプカレー　800円(ライス付　900円)
■じっくり煮込んだチキンカレー　750円(ライス付　850円)
■特製ビーフシチュー　　　　　 1,100円(ライス付 1,200円)
■天丼　　　　　　　　　　　　　800円
■ミニサラダ　　　　　　　　　　200円","※上記料金に別途消費税(8％)を頂戴いたします。
※11:30~18:30でご注文を承ります。",0,0,1,0,"合計金額が5,000円以上のお客様 プラス500円(武蔵小杉エリア限定)でお届け致します。",0447118855,"新型コロナウィルス感染拡大防止及び緊急事態宣言を受け、

2020年4月13日(月)~5月6日(水)までの間、
下記の営業時間に変更させて頂きます。

ランチタイム　：11時30分~15時00分(ラストオーダー 14時00分)
カフェタイム　：14時00分~19時00分(ラストオーダー 18時30分)
※ランチタイム、カフェタイムのみの営業となります。",0,1,0,0,,https://www.seiyoken.com/news/details.php?id=42,,,,,,"武蔵小杉駅南口①から徒歩3分。
（横須賀線と湘南新宿ラインは新南口より徒歩7分。）",,,35.573914,139.656311,"■アルコール消毒液を入口に設置
■営業時間内は換気対応
■間隔を空けてお席をご案内",,,,,,2020-04-27 15:57:42,2020-04-27 15:57:42
39,1,3,1,,JAGA,7,1,一度見たら忘れられない巨大なナンとおいしいカレーが食べられるのはここだけ！,神奈川県川崎市中原区,新丸子町717多摩川ロイヤルマンション1F,1,1,ランチセット650円、ディナー弁当1000円、単品持ち帰り可,,1,0,0,0,,,"11:00～15:00 17:00～23:00 （L/O 22:30）
定休日なし",0,0,0,0,,,,jaga.shinmaruko,,,,"東急東横線「新丸子」駅　西口から徒歩3分
新丸子駅から176m",ベジタリアンメニューあり,,35.582039,139.660599,スタッフの手洗いうがい、アルコール消毒を気を付けています,お持ち帰り、デリバリー（出前館含め）共に通常通り行っています。ディナー弁当はボリュームがありお得です。,,,,,2020-04-27 15:45:15,2020-04-27 15:45:15
38,1,1,1,,サパナマハル,7,1,川崎市中原区のブレーメン通りにあるアジアンレストランサパナマハル です。,神奈川県川崎市中原区,木月3-13-30 木月3丁目店舗 2F,1,1,,,0,0,0,0,,0444116760,"ランチタイム
平日11:00～15:00
土祝11:00～16:00
日11:00～14:00

ディナータイム
平日17:00～23:00(LO22:30)
土祝16:00～23:00(LO22:30)
日17:30～23:00(LO22:30)
定休日無休　(1月1日,2日お休み)",0,0,0,0,,,,,,,,"元住吉駅より徒歩8分
ブレーメン通り沿い
元住吉駅から450m",ご相談いただければベジタリアン・ヴィーガンメニューも対応可能です。,,35.565067,139.649277,,"新型コロナウィルス感染症に伴い政府や神奈川県からの営業自粛要請により
4月15日(水)〜5月6日(水)まで営業を自粛させていただきます。また皆様と笑顔でお会いできる事を祈っております。",,,,,2020-04-27 15:01:22,2020-04-27 15:27:37
37,1,1,1,,ガーデンテラス NewYork Grill SYOCA,5,-1,溝の口エリアのラポルテ姉妹店 ガーデンテラス NewYork Grill SYOCA,神奈川県川崎市高津区,久本１-16-21　フィオーレの森2号館　1F,3,1,"若鳥のやわらかコンフィー：650円
岩手産短角牛のふんわりハンバーグ：500円
彩野菜のピクルス：400円
スパイシーカレーソース：650円
パテ・ド・カンパーニュ：680円
岩手県産そらくもポークリエット：580円
ヴルストシュネッケ：980円
オードブル盛り合わせ：2,500円～","テイクアウトのご注文・お問合せは……044-863-9986
※月曜日のみこちらへ　044-948-7728",0,0,0,0,,044-948-7728,月、木、金、祝前日: 11:30～14:30 （料理L.O. 14:30 ドリンクL.O. 14:30） 17:30～21:00 （料理L.O. 21:00 ドリンクL.O. 21:00） 水、土、日、祝日: 11:30～21:00 （料理L.O. 21:00 ドリンクL.O. 21:00）,0,0,0,0,,https://syoca.owst.jp/gallery,,,,,,溝の口駅徒歩7分,,,35.59591108,139.6125627,,,,,,,2020-04-27 12:14:23,2020-04-27 12:14:23
36,1,1,1,,Francais La Porte,5,-1,溝の口のイタリアン・フレンチ,神奈川県川崎市高津区,久本１丁目１６−２０ フィオーレの森 リラ館１F,3,1,"若鳥のやわらかコンフィー：650円
岩手産短角牛のふんわりハンバーグ：500円
彩野菜のピクルス：400円
スパイシーカレーソース：650円
パテ・ド・カンパーニュ：680円
岩手県産そらくもポークリエット：580円
ヴルストシュネッケ：980円
オードブル盛り合わせ：2,500円～",,0,0,0,0,,044-863-9986,火～金、祝前日: 11:30～15:00 （料理L.O. 14:00 ドリンクL.O. 14:00） 18:00～22:00 （料理L.O. 21:00 ドリンクL.O. 21:00） 土、日、祝日: 11:30～15:00 （料理L.O. 14:30 ドリンクL.O. 14:30） 18:00～22:00 （料理L.O. 21:00 ドリンクL.O. 21:00）,0,0,0,0,,https://laporte.owst.jp/,,,,,,溝の口駅徒歩7分,,,35.59603758,139.6126431,,,,,,,2020-04-27 11:58:53,2020-04-27 11:58:53
35,1,1,1,,VINCOLO （ばんころ）,12,-1,,神奈川県川崎市高津区,久本2-1-1 アーバンライフ溝の口 1F,3,1,"特製ギョウザ：500円
わがままイチゴのケーキサンド：400円
ライスコロッケ：200円
ビーフカレー弁当：800円
から揚げ：500円",,0,0,0,0,,080-9658-1730,,0,0,0,0,,https://www.facebook.com/VINcolotowine/,,VINcolotowine,,,,溝の口駅徒歩5分,,,35.59732437,139.6131366,,,,,,,2020-04-27 11:21:48,2020-04-27 11:21:48
34,1,1,1,,カッツ・ロイファー,5,-1,ドイツ料理カフェ,神奈川県川崎市高津区,久本2丁目8-1　フィオーレの森３号館２階,3,1,"ケーゼシュペッツレ：1,000円
ドイツの名物ソーセージ：1,200円
100gソーセージシリース：1,000円
アイスバイン：1,000円
ジャーマンポテト：600円
プレッツェル：400円～",,0,0,0,0,,044-872-9008,"11:00-20:00
※日曜日・月曜日定休",0,0,0,0,,https://katze-laeufer.jimdofree.com/,,,,,,溝の口徒歩7分,,,35.59584129,139.6130025,,,,,,,2020-04-27 11:05:57,2020-04-27 11:05:57
33,1,1,1,,鳳凰閣,2,-1,溝の口の中華居酒屋　すべて手作り本格中華料理をリーズナブルなお値段でご提供致します！,神奈川県川崎市高津区,久本1-2-2　SKIPSビル2F,3,1,"春巻き：300円
手作り焼き餃子：300円
広東風エビ肉シュウマイ：300円
若鳥唐揚げ：300円
芝エビチリソース煮：800円
黒酢スブタ：700円
鶏肉のカシューナッツ炒め：700円
チンジャオロース：600円
中華丼：600円
マーボーナス丼：600円
マーボー豆腐丼：500円
五目チャーハン：600円",,0,0,0,0,,044-856-0065,ランチ11：00～14：30　ディナー17：00～24：00,0,0,0,0,,http://www.hououkaku.com/,,,,,,溝の口駅徒歩1分,,,35.59882923,139.6096176,,,,,,,2020-04-26 16:20:24,2020-04-26 16:20:24
32,1,1,1,,酒彩蕎麦 初代,3,-1,溝の口至近に構える当店は、一流デザイナーが手がけた落ち着ける空間でこだわりの食材による絶品のおそばをお楽しみいただけます。また6種のお塩でいただく天ぷらは絶品です。,神奈川県川崎市高津区,久本1-2-1 インフィールド溝口 2F,3,1,"天重：1,000円
豚ロースステーキ重弁当：750円
牛しぐれ煮重弁当：750円
山椒と穴子の炊込み重弁当：750円
初代の白いカレーうどん：1,000円
生蕎麦：1,000円
鴨きざみ蕎麦：750円
天ざる（エビ1本・野菜4点）：880円
天ざる（エビ2本・野菜4点）：1,100円",,0,0,0,0,,044-860-5588,"月～金 <ランチ>11:30～15:00（L.O.14:30）　17:00～翌1:00（L.O.24:30）
土・日・祝 11:30～翌1:00（L.O.24:30）",0,0,0,0,,http://shodai-food.com/shodai_02/,,,,,,溝ノ口駅徒歩1分,,,35.59869401,139.6098483,,,,,,,2020-04-26 10:32:50,2020-04-26 10:32:50
31,1,1,1,,やむやむ,3,-1,みんなで焼いて楽しめる！お好み焼き・もんじゃ焼き♪ドリンク種類豊富！駅近で便利☆,神奈川県川崎市高津区,下作延2-4-8,3,1,,,0,0,0,0,,044-872-7757,"月～日、祝日、祝前日: 11:00～15:00 （料理L.O. 15:00 ドリンクL.O. 15:00） 16:00～20:00 （料理L.O. 19:00 ドリンクL.O. 19:00）
土日ランチは全品100円引き♪",0,0,0,0,,https://yumyum8686.owst.jp/,yumyum_nokuchi,,,,,溝の口駅徒歩5分,,,35.60020321,139.6073484,,,,,,,2020-04-26 10:19:54,2020-04-26 10:19:54
30,1,3,1,,個室ダイニング 韓国料理 KOUYA‐倖屋‐,7,-1,"溝の口にひっそり佇むコスパ抜群の韓国料理店　チーズタッカルビやサムギョプサル食べ放題など2,000円～ご用意しております　人気の完全個室も2名様～最大20名様迄ご用意しております",神奈川県川崎市高津区,,-1,1,"チーズハットク：500円
海鮮チヂミ：900円
キンパ：750円
海鮮チャプチェ：900円
トッポギ：750円
家庭用サムギョプサルセット：1,980円
サムギョプサル弁当：1,000円
チーズタッカルビ弁当：1,000円
のり弁：600円
ビビンバ：850円",わがまま聞きます！お店にはたくさん食材があります。「こんなの食べたい！」とか「これ作ってほしい」等あればお気軽にお電話ください！可能な限り対応致します！,1,0,1,0,"1回1,000円以上のご注文から配達。配達料は１回のご注文で300円、2,000円以上のご注文で無料。１回のご注文で5,000円以上のご注文の場合は500円引きとさせていただきます。",044-871-1616,"月～金：11:30-15:00,16:00-24:00
土日祝：13:00-24:00",0,0,0,0,,https://gax6115.gorp.jp/,,,,コリヤンキッチン 倖屋,,溝の口駅徒歩3分,,,35.60016831,139.6068925,"予防対策としてマスクの着用を実施しております。マスクの下はにっこり笑顔です。
手洗い・アルコール消毒を従業員一同徹底しております。
備え付けのアルコール消毒はご自由にお使いください。",,,,,,2020-04-26 10:06:09,2020-04-26 10:06:09
29,1,3,1,,インド•ネパール料理 YABIN 溝の口店,7,-1,本格インド・ネパール・タイ料理レストランYABIN,神奈川県川崎市高津区,下作延２丁目７−３,3,1,カレーセット：500円～,,0,0,1,0,,044-863-0558,"11:00-15:00
17:00-20:00",1,0,1,0,,https://yabin2015.jimdofree.com/,,,,,,溝の口駅徒歩4分,,,35.60028608,139.6065062,,,,,,,2020-04-26 09:23:36,2020-04-26 09:23:36
28,1,1,1,,タベルナ ヴァッカ クアットロ,4,-1,高津区下作延にある畑の隣のイタリアン　隣の畑で採れた新鮮なお野菜と季節を感じる食材とのマリアージュをお楽しみください！,神奈川県川崎市高津区,下作延５丁目４−１５,3,1,,,0,0,0,0,,044-571-6942,"ランチ：11:30-14:30
ディナー：自粛営業
定休日：月曜日",0,0,0,0,,https://www.facebook.com/tavernavacca20090205,,tavernavacca20090205,,,,"津田山駅徒歩5分
溝の口駅徒歩10分",,,35.6005696,139.6017587,,,,,,,2020-04-26 09:13:47,2020-04-26 09:13:47
27,1,2,1,,タイレストラン コピーピー 小杉店,7,1,コピーピーへようこそ KohPhiPhiの名前の由来は… 「コ」はタイ語で島。プーケットから南東へドボードで約一時間半の 観光で有名なきれいな島です。店内はタイのビーチにあるような気取らないレストランを再現し、リラックスした雰囲気です。,神奈川県川崎市中原区,川崎市中原区 新丸子町 915-2 サミットビル 1F,1,1,,ディナータイムのテイクアウト。3品で500円引きです^ ^ LINEでのご注文がスムーズです。,0,1,0,0,,,,0,0,0,0,,,,https://www.facebook.com/kohphiphi.mk,kohphiphi_kosugi,KPP,,"JR南武線武蔵小杉駅北口より徒歩3分
東急東横線武蔵小杉駅北口より徒歩3分
東急目黒線新丸子駅より徒歩3分
武蔵小杉駅から273m",,,35.57616,139.655716,アルコール除菌・手洗い必須、席の間引き,,,,,,2020-04-25 17:46:53,2020-04-25 17:50:24
26,1,1,1,,小杉らぁめん夢番地,10,1,,神奈川県川崎市中原区,小杉町3-1301武蔵小杉西街区ビル1F,1,1,"台湾まぜそば：850円
カレーまぜそば：900円
チャーシュー丼：380円",,0,0,0,0,,044-739-0921,"月～土曜日:11:30-23:45
日曜日:11:30-18:00",0,0,0,0,,https://twitter.com/yumebangchi,yumebangchi,,,,,武蔵小杉駅徒歩1分,,,35.57558578,139.6592706,お客様側アルコールの設置、客席都度アルコール除菌、スタッフマスク着用、席数の間引き、出勤時体温測定,,,,,,2020-04-25 16:47:10,2020-04-25 16:47:10
24,1,3,1,,銀座洋食三笠会館武蔵小杉店,5,1,三笠会館伝統の洋食メニューをカジュアルで木のぬくもりあふれる落ち着いた空間でお召し上がりいただけます,神奈川県川崎市中原区,小杉町２丁目276ｰ1 パークシティ武蔵小杉 ザ･ガーデンタワーズイースト1階,1,1,"骨付き鶏の唐揚げ　胡麻塩&マスタード添え¥1050 (追加1個¥210)
スペシャルインドカレー　¥1670
粗挽きハンバーグステーキ　特製デミグラスソース　¥1400
三笠オリジナルスパゲッティナポリタン　¥1190
白身魚のムニエル　¥1670
粗挽きハンバーグステーキチェダーチーズ　デミグラス&トマトのWソース　¥1600
厚切りやまと豚ソテー　ジンジャーソース　¥1670
赤ワイン蒸しあげた牛頬のブレゼ　特製デミグラスソース　マッシュポテト添え　¥1670
ズワイ蟹のクリームコロッケ(2ヶ) ¥1300
スパゲッティミートソース　¥1110
海老ドライカレー　¥1000
前菜3種　¥470
やまと豚のフランクグリル&フライドポテト　¥1020
季節野菜で仕込んだポタージュスープ　¥390","お電話での御注文も承っております。
11時から21時ラストオーダー",0,1,0,0,,044-299-6571,,0,0,0,0,,https://www.mikasakaikan.co.jp/restaurant/yoshoku/ginzayoshoku-mikasakaikan-musashikosugi/index/,,,,,,武蔵小杉駅徒歩5分,,,35.57748808,139.6568674,"入り口にて手洗い場&アルコール設置
弱酸性次亜塩素酸水による空間除菌
他グループとの距離を取った席案内",お客様に安心してお食事頂ける様取り組んでおります。,,,,,2020-04-25 16:34:53,2020-04-25 16:34:53
23,1,1,1,,串焼文福　武蔵小杉店,6,1,国産の新鮮な豚、鶏、野菜を 使用し、常にお客様のご満足を第一に考えている武蔵小杉駅近くの串焼き店,神奈川県川崎市中原区,中原区小杉町3-430　伊藤ビル3階,1,1,,"17時より受け取り可能。
ご注文はお電話でも直接ご来店でも大丈夫です。",0,0,0,0,,0447-228-828,,0,0,0,0,,http://www.kushiyaki-bunpuku.com/?viewmode=default,,,,,,武蔵小杉駅徒歩2分,,,35.57505347,139.6585035,,,,,,,2020-04-25 16:24:14,2020-04-25 16:24:14
22,1,1,1,,ブーランジェリー ベルマティネ,13,1,新丸子駅近くにあるパン屋,神奈川県川崎市中原区,新丸子東1-829-4,1,1,全商品,,0,0,0,0,,044-434-6781,,0,0,0,0,,https://www.instagram.com/boulangerie_belle_matinee/,,,boulangerie_belle_matinee,,,新丸子駅徒歩2分,,,35.58023675,139.6629506,手洗い・アルコール消毒・換気・冷めたパンから袋詰めしています。触れる箇所(入口ドア等)には、常にアルコール拭きを徹底しています。,美味しいパンをお届けできるように日々努力していますので、今後もよろしくお願いします。,,,,,2020-04-25 16:15:16,2020-04-25 16:15:16
21,1,1,1,,ふらんす食堂M,5,1,向河原駅徒歩3分の本格フレンチ,神奈川県川崎市中原区,下沼部1763-38 1F,1,1,アラカルト全て,お時間頂戴しますので、事前にお電話下さいますようお願いいたします。,0,0,0,0,,044-920-9495,"ランチ：11:30-14:30
ディナー：17:00-20:00
※火曜日定休",0,0,0,0,,https://www.facebook.com/bistrom753,,bistrom753,,,,"向河原駅徒歩3分
武蔵小杉駅(横須賀線口)徒歩7分",,,35.57330818,139.668771,アルコール除菌、手洗い、換気,,,,,,2020-04-25 12:20:33,2020-04-25 12:20:33
20,1,1,1,,GIRASOL,12,1,武蔵小杉駅から徒歩７分のGirasol～ヒラソル～ アットホームな雰囲気の店内で お客様だけではなく、スタッフを含めた全ての方が明るくそして笑顔になれるようにスペイン語から「ひまわり」を意味している「ヒラソル」と名付けました。,神奈川県川崎市中原区,小杉御殿町 2-42 亜衣フラット武蔵小杉 101,1,1,"お肉３種盛り合わせ
黒毛和牛A5ローストビーフ丼
7種前菜盛り合わせ
ヒラソルサンドイッチ
ヒラソル特製カレーライス",受付時間は17時〜22時30分、事前にご連絡頂ければ、調整してお作りします。,0,0,0,0,,044-322-8889,"平日：17:00-23:30(Lo22:30)
土日祝日：14:00-23:30(Lo22:30)",0,0,0,0,,http://dsc1515.com/,,868282383350396,,,,武蔵小杉駅徒歩7分,,,35.57750117,139.6535897,アルコールスプレーを店内に置いている手洗い、うがい、換気の徹底,お気軽にお越しください！スタッフ一同心よりお待ちしております！,,,,,2020-04-25 11:56:20,2020-04-25 11:56:20
19,1,1,1,,Funk Spice,12,1,武蔵小杉にある肉BALです！DJプレイやライブ等音楽イベントを開催しております！お酒だけの方やお一人の方も大歓迎です！,神奈川県川崎市中原区,小杉町3-26 安藤ビル102,1,1,カレー、ガパオ、タコライス、ロコモコ、肉盛り合わせ 等,"事前にお電話ください
受け付け時間は19時から24時です",0,0,0,0,,044-712-8400,"Lunch：11:45-14:00 
Dinner：19:00-",0,0,0,0,,https://www.instagram.com/funk_spice_k/,funk_spice,Funk-Spice-520524251473245,funk_spice_k,,,武蔵小杉駅徒歩5分,,,35.57560759,139.6554029,アルコール除菌,,,,,,2020-04-25 11:33:47,2020-04-25 11:33:47
18,1,3,1,,パンジャビ・ダバ,7,1,新丸子駅と武蔵小杉駅の中間あたりにある本格的なインド料理のお店,神奈川県川崎市中原区,小杉町１丁目５１９ 田原ビル1F,1,1,"ランチタイム限定テイクアウト（15：00迄）：500円～
ディナータイム：1300円～","1　ランチ、ディナーともに取りに来られる時間をご指定くださればご用意しておきます。
2　ランチタイムは15：30迄に取りに来てください。",1,1,1,0,,044-455-5449,"月:11:00-22:30
火:11:00-22:30
水:11:00-22:30
木:11:00-22:30
金:11:00-22:30
土:11:00-22:30
日:11:00-22:30",0,0,0,0,,https://punjabidhaba-halal-restaurant.business.site/,,128375720650541,,,,武蔵小杉駅徒歩3分,,,35.57906313,139.6591955,アルコール除菌手洗いを必須にしています,,,,,,2020-04-25 11:12:54,2020-04-25 11:12:54
17,1,3,1,,Powers新丸子,5,1,豪快な料理に大満足　南国気分ではしゃげるお店,神奈川県川崎市中原区,新丸子町７２９,1,1,"お弁当・ロコモコ・タコライス・ガパオライス・チキンカレー・グリーンカレー・焼豚玉子飯 etc：500円
Today's Special：800円～
ハンバーガー各種 with フライドポテト：700円～
ピザ各種：1500円",TAKE OUTは、営業時間中。ラストオーダー20時,0,0,0,1,準備中。15時〜20時で検討中,044-733-8698,"月・水・木：11:30-14-30、17:30-24:30
金・土：11:30-14-30、17:30-25:30
日・祝：17:00-23:00
火：定休日",0,0,0,0,,https://twitter.com/Powers_ara,Powers_ara,,,,http://www.powersbar.com/powers1/,新丸子駅徒歩1分,,,35.58086501,139.6609551,アルコール除菌、手洗い、マスク着用、なるべく席に間隔をとる、換気,出来る事はやります！この問題を乗り越えましょう！,,,,,2020-04-25 10:58:25,2020-04-25 10:58:25
16,0,1,1,,中華ダイニングキッチン　餃子のおがさや,2,-1,"炒め物と揚物を一品ずつ選べる「セット定食（税込み990円～）」はボリューム満点。餃子(税込み400円)の美味しさは本物！期間限定にて、超お得テイクアウト用丼ぶり(税込み690円)と持ち帰り生餃子（10人前50コ2,990円）を始めました。その他通常メニューもテイクアウト可。",神奈川県横浜市港北区,篠原北1-1-2,16,1,"焼き肉丼・マーボー丼・ショウカラ丼・ムアル丼・ホイコーロー丼　各６９０円（大盛り+５０円）
餃子(5コ)400円",店頭にてご注文承りますが、事前にお電話にてご注文いただけるとスムーズにお渡しできます。,0,0,0,0,,045-401-9484,ランチ11:30～15:30(l.o.15:30)　ディナー17:00～22:30(l.o.22:00) ＊但し自粛要請時は20:00クローズ,1,0,1,0,,,,,,,,菊名駅西口徒歩１分,,,35.509354,139.629715,カウンター席を間引いています。自動ドア解放による換気を行っています。各テーブルにおしぼりを置いてます。,,,,,,2020-04-20 16:10:28,2020-04-20 16:10:28
15,1,3,1,,どんぶり屋まぐろ大将,3,-1,まぐろ丼専門店（海鮮丼やにぎり寿司）  神奈川県三浦三崎港直送、天然まぐろ一本買いの店、  市場に出回らない希少部位もまぐろ丼やにぎり寿司でお楽しみ頂けます。,神奈川県川崎市幸区,下平間205  エトワールアダチ101,5,1,"
全品お持ち帰りできます。（配達はしておりませんが、UberEatsデリバリーサービスやってます）",お一つからご予約承ります。,0,1,0,0,,044-567-6079,"定休日
　月曜日　
　※　月曜日祭日は営業で翌火曜日定休
営業時間
　昼　11:30〜15:00
　夜　17:00〜21:00
　※　酢飯、ネタが終了の場合閉店させて頂きます。",0,0,0,0,,https://donburiya-magurotaisyo.com,,,,,,"最寄り駅

JR南武線鹿島田駅徒歩5分
JR横須賀線新川崎駅徒歩10分",,,35.552105,139.680023,当面、お持ち帰りのみの営業とさせて頂いております。,,,,,,2020-04-18 20:55:09,2020-04-18 20:55:09
14,0,-1,1,,Haru cafe,5,-1,料地とワインがリーズナブルに楽しめる隠れ家的なレストランです。,神奈川県横浜市青葉区,黒須田24-17,0,2,"・自家製パスタソースと生パスタのセット(２人前)1,620円
・ステーキ弁当1,620円
・前菜盛り合わせ(２人前)2,160円
など",当日のテイクアウトの詳細をSNSでお知らせしますので、よろしければfacebook、instagramのご登録よろしくお願い致します。,0,0,0,0,,045-507-9960,当面の間、金曜・土曜の10:00～13:00のテイクアウト販売のみとさせて頂きます。,1,0,1,0,,,,harucafe.azamino,harucafe_azamino,,,,,,35.57135,139.530472,手洗い・消毒を行った上で、手袋・マスク着用にて販売致します。,,,,,,2020-04-16 16:27:25,2020-04-16 16:27:25
13,0,1,1,,Eat & Smile,11,-1,食卓を囲む大切な人たちの笑顔をイメージして、季節の素材を使ったスイーツやお食事、デリ、スコーンなどをお作りしている小さなカフェです。世界に一つのオーダーケーキもお作りします。現在テイクアウトのみ営業しております。,神奈川県横浜市青葉区,あざみ野南1-16-8大谷ビル１Ｂ,0,1,"【デリ】

・ミートソースと温玉の玄米ドリア　800＋tax

・サーモンとホワイトソースの玄米ドリア　800＋tax

・鶏肉とほうれん草のココナッツミルクグリーンカレー（玄米）800＋tax

・三元豚のリエットとパダーノチーズのサラダBOX（パン付き）　850＋tax

・玄米のチキンライス目玉焼きのせ　800＋tax

・デリBOX Large（本日のお惣菜詰め合わせ）  750＋tax

・デリBOX（本日のお惣菜詰め合わせ） Small  500＋tax

・デリプディング　1cut 280＋tax

・低温調理チキンのサラダボウル　400＋tax

・フライドポテト　500＋tax



【スイーツ】

・いちごのグラスショートケーキ　650＋tax （13:30〜）

・ガトーショコラ（店内メニューと同じようにお一つずつ盛り付けたカフェスイーツパック）　600＋tax

・瀬戸内レモンケーキ（店内メニューと同じようにお一つずつ盛り付けたカフェスイーツパック）　600+tax

・カップケーキ　380〜

・パウンドケーキ

・ラスク

・メレンゲ

・アイシングクッキー　他



【その他】

・スコーン　250＋tax〜

・ドリンク類



※デリ、グラスショートケーキはご注文をいただいてからご用意します。お時間をいただきますので、できるだけお受け取りの30分以上前にお電話でご注文ください。","スムーズにお渡しできるよう、事前にお電話にてお問い合わせ・ご注文ください。
焼き菓子、スコーンなどは店内でお選びいただきすぐにお持ち帰りいただけます。

お食事系のお持ち帰りは、閉店の30分前までにご注文ください。",0,0,0,0,,045-509-1333,"定休日　毎週水曜日、第１・第３日曜日+不定期（ホームページ、インスタグラムでお知らせしています。）
営業時間　平日　11:30～18:00
　　　　　土日祝日　12:00～18:00",1,0,0,0,,https://eatandsmile.jp/wp-admin/,,Eat & Smile,eat.and.smile_,,,東急田園都市線あざみ野より徒歩6分,,アレルギーは個別に対応しておりますのでお気軽にお問い合わせください。,35.564053,139.553958,"現在店内のお席での営業はお休みし、テイクアウト営業のみとなっております。
喚起や消毒に気を付け、お待ちのお客様にはテラスでお待ちいただいております。","温かいもの、冷たいものと分けてお渡ししていますので、保冷バックやエコバックなどいくつかお持ちくださいますようご協力お願いいたします。
なるべく店頭でお待ちいただかずに済むよう、事前にお電話でご注文ください。",,,,,2020-04-16 14:11:17,2020-04-16 14:11:17
12,0,3,1,,そばくろ,3,-1,場で仕入れた新鮮な刺身などと一緒に！現在はテイクアウト専門で営業しています。,神奈川県横浜市青葉区,あざみ野2-9-10 野本ビル1F-A,0,1,"海老と野菜の天丼　1000円
カツ丼900円","11〜14
17〜20
",0,0,1,0,"12〜14
17〜20",0455009683,"定休日　日曜日
営業時間　11〜14   17〜20",1,1,1,0,,,,,,,,あざみ野駅　徒歩96秒,,,35.567982,139.551971,アルコール除菌スプレーで対策しています！,,,,,,2020-04-15 18:43:40,2020-04-15 18:43:57
11,0,1,1,,中国料理o8番地,2,-1,中国料理と蔵元直送ワインの店。町中華の概念とは違いバルやカフェのような内装。まだまだ認知されていない現地の中国料理を積極的に紹介しています。1本1本に個性のあるワインと共にお楽しみ下さい。,神奈川県横浜市青葉区,もえぎ野17-7,-1,1,グランドメニューより、麺類、スープを除く全てに対応。事前予約によりスムーズに受け渡し可。お弁当は内容に１日掛けて仕込む料理などを詰めている為2日前までに2個からお受け致します。,前日予約により、お昼(12時半～)からお受け渡しできます。ご来店いただいてのご注文はお時間頂戴えたしますので事前にご連絡下さいますようお願い致します。,0,0,0,0,,045-532-4898,"毎週水曜日定休　17:30~22:00(LO21:00)
只今自粛要請に伴い
17:30～20:00(テイクアウトは12:30～)
4月いっぱい休業、5月再開予定となっています。",1,1,0,0,,https://08banchi-yokohama.therestaurant.jp,,,08banchi,,食べログ,田園都市線藤が丘駅徒歩7分,,事前のご相談によりアレルギー対応いたします,35.548492,139.525398,"入店時の手指の消毒のご協力
席の充分な間隔を確保
必要に応じて店内換気の実施
営業時間の短縮",,,,,,2020-04-15 12:20:40,2020-04-15 12:20:40
10,0,1,1,,John's Kitchen,-1,-1,アメリカンレストラン,神奈川県横浜市青葉区,市ケ尾町1168-2 市ヶ尾センタービル,-1,1,ハンバーガー、サンドイッチ、サラダ、パスタ、デザートなど,"電話かLINEで注文をおねがいします。
受付時間は、11時より19時まで。
定休日は、木曜日です。",0,0,0,0,,0458781040,"営業時間　11時から19時
定休日　　木曜日",1,1,1,0,,https://johns-kitchen.com/,,,,@mfx5635j,,田園都市線　市が尾駅徒歩3分,,,35.553688,139.540573,,,,,,,2020-04-15 00:23:26,2020-04-15 00:23:26
9,0,1,1,,オステリアパーチェ,4,-1,横浜市青葉区の隠れ家イタリアン,神奈川県横浜市青葉区,荏田1476-1,0,1,,,0,0,0,0,,0459158544,"定休日毎週水曜日、第3火曜日
ランチ１２時〜２時
ディナー６時〜９時",1,1,0,0,,,,,pace0405,,,,,,35.562532,139.557522,,,,,,,2020-04-14 23:03:37,2020-04-14 23:03:37
8,0,1,1,,Cafe Bar Nibbles,9,-1,あざみ野駅近のワインバルです。お酒に合うおつまみ、また色々なスパイスを使った料理が売りです。テイクアウトにはおつまみの盛り合わせはおすすめ。また当店オリジナルのマリネに漬け込んでグリルしたチキンジャイロover ライスも人気です,神奈川県横浜市青葉区,新石川1-6-5 盛正ビル1F,0,1,"日替わりおつまみ2人前セット¥1112, 生ハムスライス（その場でお切りします）¥602, キッシュ¥700, ガパオライス¥806, タコライス¥806, チキンジャイロover ライス¥806","テイクアウトはピックアップのみになります。
店頭、またはお電話での注文を受け付けております
注文時間は12:00-20:00です。
デリバリーは行っておりませんがご近所なら可能かも？
ご相談ください！電チャリでかけつけます",0,0,0,0,ご近所でしたら要相談でデリバリー可能です。まずはご相談を！,045-507-5001,"5月6日まで自粛営業を行っております
平日12:00-20:00
Lunch time 12:00-15:00
Cafe & Drink Time 15:00-20:00",1,0,0,0,,https://cafe-bar-nibbles.jimdofree.com/,,cafe bar nibbles,,,,あざみ野駅から徒歩２分。OKスーパー向かいのあざみ野不動産の駐車場のとなり,,,35.568658,139.555055,"席の間引き、アルコールでの店内完全拭き掃除＆店員は全員マスク着用。来店者は手のアルコール消毒をお願いしております
また表裏にある窓は両方開けると非常に風通しがよく、それらを利用し頻繁に空気の入れ替えに行ってます",皆様のお役に少しでも立てればと思っております。自宅で過ごす時間が多くなった方々に当店の手作り料理を自宅でお楽しみください,,,,,2020-04-14 22:43:05,2020-04-14 22:44:48
7,0,3,1,,地場野菜の美味しいイタリア料理　ナチュラーレ・ボーノ,4,-1,田園都市線・藤が丘駅徒歩1分。地元青葉区周辺の旬の野菜を使ったイタリア料理。　何といっても一番人気は横浜野菜たっぷりのバーニャカウダ。 自粛中の野菜不足・バランス良い栄養摂取に大人気です！（テイクアウトOK）,神奈川県横浜市青葉区,藤が丘2-4-3-B01,0,1,"旬の横浜野菜たっぷりのバーニャカウダ
ピッツァ各種
パスタ各種","11：30-15：00
18：00-22：00
火曜定休",1,0,0,0,,045-978-0355,"11：30-15：00
18：00-22：00
火曜定休",1,1,0,0,※原則としてランチタイムは現金払いのみでお願いしております。,,,,,,,,,,35.544201,139.526993,,,,,,,2020-04-14 20:41:16,2020-04-14 20:41:41
6,0,1,1,,ラーメン246亭,10,-1,ラーメンYouTube r  https://www.youtube.com/channel/UCtgJFycCaDpzahqFdyQpY6A  週替わりのラーメンを提供して居ります。,神奈川県横浜市青葉区,桜台26-3,-1,1,豚の生姜焼き丼600円  チャーシュー丼550円 カレーライス1000円 金曜日限定で唐揚げ1個200円,お電話にて事前予約して頂くと待ち時間を短縮出来ます。,0,0,0,0,,045-515-0980,毎週月曜日定休日 第1月・火曜は連休  火曜〜金曜日11時30~15時 18時~21時 土曜日曜日11時30分~20時,1,0,0,0,,https://www.youtube.com/channel/UCtgJFycCaDpzahqFdyQpY6A,joker2462,246tei,,,,田園都市線 青葉台駅から歩いて15分,,,35.550595,139.514916,次亜塩素酸水を各お席に用意  お席は都度除菌清掃,,,,,,2020-04-14 20:18:33,2020-04-14 20:18:33
5,0,1,1,,韓国風居酒屋 オソオセヨ,6,-1,本場韓国家庭料理＆大衆居酒屋のコラボ店。 厳選した食材を使った本場韓国、家庭料理を是非どうぞ。 当店は、手作りにこだわっています。食品添加物、合成着色料を一切使用しておりません！タレや、コチュジャン、キムチ類、参鶏湯、スープ等全て手作りです。 医食同源を考えて作っております。 一人でも気軽に入れる、たまプラーザ駅すぐの韓国料理とお酒のコラボ店。 数量限定の生マッコリ、韓国のお酒も多数ございます。,,神奈川県横浜市青葉区美しが丘1-10-8第一みなもとビル2-H,0,1,"【テイクアウト限定の超～お得な丼ぶり＆お弁当】
・オソオセヨ特製プルコギ丼
・ヤンニョムチキン丼
・スタミナチキン丼　各￥600（税込み）

・ヤンニョムチキン丼
・スタミナチキン丼　各￥600（税込み）
・オソオセヨ特製プルコギ弁当
・豚肉のコチュジャン焼き弁当
・ヤンニョムチキン弁当
・スタミナチキン弁当　各￥700（税込み）
【オソオセヨ特製オードブル】
・￥3,000（税込み）～　
お客様のご予算・ご要望に応じて対応させて頂きます。
その他、店内でご提供させて頂いている全てのメニューをテイクアウト可能です。",事前にお電話を頂けると、スムーズにお渡し頂けます。,0,0,0,0,,080-4406-1121,"平日：　15:00～21:00（LO20:30）
土日祝：12:00～21:00（LO20:30）
定休日：木曜日",1,0,1,1,,HP:osooseyo.com,https://twitter.com/osooseyo1121,https://www.facebook.com/%E9%9F%93%E5%9B%BD%E9%A2%A8%E5%B1%85%E9%85%92%E5%B1%8B-%E3%82%AA%E3%82%BD%E3%82%AA%E3%82%BB%E3%83%A8-1022967144444596/?ref=bookmarks,https://www.instagram.com/p/B-3x1dBjSGj/?utm_source=ig_embed,,食べログ：https://tabelog.com/kanagawa/A1401/A140201/14063153/,"東急田園都市線 たまプラーザ駅より徒歩5分

たまプラーザ北口改札を出て、東急百貨店とイトーヨーカ堂の坂道を登り、T字路を左折。
城南信用金庫を越えますと、左手奥に店名の書かれた赤い看板が見えます。進んでいくと酒屋さんがあり、酒屋さんの手前に当店の看板を立てております。そちらを左に曲がり、奥にある階段を上がる。

たまプラーザ駅から332m",,,35.578583,139.555359,"アルコール除菌・手洗いを必須にしております。
お席の間を空けて対応させて頂いております。","丼ぶりやｍ、お弁当もお得ですが、オードブルは更にお得です。
今ですと、￥3,000(税込み)→￥4,000(税込み)以上の物を、
　　　　　￥4,000(税込み)→￥5,000(税込み)以上の物を、
　　　　　￥5,000(税込み)→￥6,000(税込み)以上の物を、ご提供させて頂いております！",,,,,2020-04-14 19:22:56,2020-04-14 19:24:12
4,1,1,1,,KING LION スリランカレストラン＆バー,7,-1,カレーをはじめとしたスリランカ料理を提供するお店,神奈川県川崎市高津区,下作延2-5-41,3,1,,,0,0,0,0,,044-857-1158,"月曜日:12:00-15:00,18:00-24:00
火曜日:12:00-15:00,18:00-24:00
水曜日:定休日
木曜日:18:00-24:00
金曜日:12:00-15:00,18:00-24:00
土曜日:12:00-15:00,18:00-24:00
日曜日:12:00-15:00,18:00-24:00",1,0,0,0,,https://www.facebook.com/kinglionsri/,,kinglionsri,,,,溝の口駅 徒歩５分,,,35.600622,139.606197,,,,,,,2020-04-13 11:49:35,2020-04-13 11:49:35
3,0,3,1,,ダイニングバー Keynz （ケインズ）　市が尾店＆たまプラーザ店,6,-1,横浜市青葉区の市が尾＆たまプラーザに店がある、1年中牡蠣を取り扱うお店 オイスターバーケインズです。大人気の牡蠣を使ったお弁当やジューシーなから揚げ、チキン南蛮などのお弁当をご用意させて頂いております♪市が尾＆たまプラーザエリアはデリバリーも行っています。お気軽にお問合せ下さい。,神奈川県横浜市青葉区,市が尾町1054-1,0,1,"●日替わり弁当　（詳細はfacebook&instagramをご確認下さい）

●牡蠣フライ弁当　５個 テイクアウト1680円/デリバリー1880円

●から揚げ弁当　　５個 テイクアウト1000円/デリバリー1200円

●チキン南蛮弁当　５個 テイクアウト1280円/デリバリー1480円

●エビフライ弁当　３本 テイクアウト1480円/デリバリー1680円

●グルグル！ソーセージ焼き　テイクアウト1000円/デリバリー1200円

●特製ベーコンのペンネサラダ　テイクアウト680円/デリバリー880円

●4種チーズの自家製ピザ　　テイクアウト1500円/デリバリー1700円

●ナポリ風マルゲリータピザ　テイクアウト1180円/デリバリー1380円

●Drink:ウーロン茶 150円/コカ・コーラ 150円/ノンアルコールビール280円

（表示価格は全て税込み価格となります）","事前にご連絡頂くとスムーズです。
１１時～２０時まで受付しています！！",0,0,1,0,デリバリーは２５００円以上から対応させて頂いております。,045-973-3573,"現在テイクアウト＆デリバリーのみとなります。
営業時間：１１時～２０時",1,1,0,0,,https://www.facebook.com/keynzichigaotamaplaza/,keynz_ichi_tama,keynzichigaotamaplaza,keynz_ichigao_tamaplaza,,http://www.keynz.com/pc/,"田園都市線　市が尾駅より徒歩5分　　（西友がある方を出ていただいて、坂を下った角の位置です。）
田園都市線　たまプラーザ駅より徒歩３分",,,35.549195,139.539784,"通常営業はお休み、テイクアウト＆デリバリーのみの営業とさせて頂いております。
スタッフはマスク、アルコール除菌手洗い、調理時には手袋の着用を徹底しています。","新型コロナウイルスで外出制限がある中で、外食が出来ない代わりに私たちに出来ることが何かを考えました。
市が尾に１９９４年から店を構えています。
このお店の味をしっかりと食卓に届けられるように、衛生面に細心の注意を払ってご提供させて頂いております。
是非一度、ご賞味下さい。ご連絡お待ちしております！！",,,,,2020-04-13 10:53:15,2020-04-13 10:53:15
2,0,3,1,,KOSUGI CURRY,7,1,武蔵小杉と新丸子の間の創作カレー屋,神奈川県川崎市中原区,新丸子東2-897-11-102,1,1,「創作カレー」の内容と「ヨーロピアンカレー」「和ジアンカレー」の具材は２週ごとに変わります。HPをチェックお願いします。https://www.kosugicurry.com/,お電話をいただいた方がお待たせしません。お電話の受付も営業時間と同じです（11:30-15:00/17:30-22:00）,1,1,0,0,,044-571-7186,"■営業時間
ランチ11:30-15:00 ディナー17:30-22:00

■定休日
月曜",1,1,1,1,,https://www.kosugicurry.com/,kosugicurrykun,kosugicurry,kosugicurry,,,武蔵小杉・新丸子から徒歩5分,,,35.578571,139.662888,"（コロナ対策）
・スタッフのこまめな手洗い・消毒・うがい
・お客様への手洗い・アルコール消毒のお願い
・食器等の高温洗浄
・席の間引き
・換気",,,,,,2020-04-13 10:52:12,2020-04-13 10:52:13
